{
  "'": 0.004803622723489888,
  ",": 0.010276540495325283,
  "-": 0.002574512493945234,
  ".": 0.011061945275146916,
  "/": 0.0008355571574038991,
  ";": 0.00099354004473856,
  "=": 0.00010239350873349776,
  "[": 5.900673102509494e-06,
  "\\": 1.0561915058439736e-05,
  "]": 5.8984439097998186e-06,
  "`": 2.2291927096749128e-09,
  "a": 0.07918736964377657,
  "b": 0.014880851098643138,
  "c": 0.03049874909965693,
  "d": 0.03645280467998501,
  "e": 0.11708231042181698,
  "f": 0.021241883704398435,
  "g": 0.02044156785454179,
  "h": 0.04610240478844861,
  "i": 0.07073103633006755,
  "j": 0.0017236987416363197,
  "k": 0.008043669617679406,
  "l": 0.04118822302332968,
  "m": 0.024167181963138114,
  "n": 0.06760550752375946,
  "o": 0.07587104423344739,
  "p": 0.020764194457027617,
  "q": 0.0010130031262867319,
  "r": 0.06015206125982068,
  "s": 0.06378770960903994,
  "t": 0.08871650194901662,
  "u": 0.028658385557559774,
  "v": 0.010604575119324784,
  "w": 0.018107661046522606,
  "x": 0.002119797306640326,
  "y": 0.01922858830865554,
  "z": 0.0009587445757332445
}