name	optimizer_name	iterations	time_taken	best_score	mean_score	stdev_score	hardware_name	objective_name	corpus_name
genetic_132	genetic	132	42.35572695732117	29.307504779401132	29.837205426219487	0.20870086530716053	ortho	100sfb + 6effort + 60pinky_ring + 60scissors_ortho + 60sfs + 20finger_0 + 20finger_9 + 18finger_1 + 18finger_8 + 15finger_2 + 15finger_7 + 12finger_3 + 12finger_6	en
greedyhill_333	greedyhill	333	60.40562438964844	29.391638751669955	30.041417570533522	0.15114279117376173	ortho	100sfb + 6effort + 60pinky_ring + 60scissors_ortho + 60sfs + 20finger_0 + 20finger_9 + 18finger_1 + 18finger_8 + 15finger_2 + 15finger_7 + 12finger_3 + 12finger_6	en
annealing_333	annealing	333	51.18490552902222	29.36207032522976	29.947892163206518	0.17054687310555655	ortho	100sfb + 6effort + 60pinky_ring + 60scissors_ortho + 60sfs + 20finger_0 + 20finger_9 + 18finger_1 + 18finger_8 + 15finger_2 + 15finger_7 + 12finger_3 + 12finger_6	en
steepesthill_1000	steepesthill	1000	80.08746671676636	29.473406714982296	30.1367861449634	0.1918536904339325	ortho	100sfb + 6effort + 60pinky_ring + 60scissors_ortho + 60sfs + 20finger_0 + 20finger_9 + 18finger_1 + 18finger_8 + 15finger_2 + 15finger_7 + 12finger_3 + 12finger_6	en
genetic_125	genetic	125	36.05686712265015	29.289986842206957	29.829508164532555	0.2256582434129782	ortho	100sfb + 6effort + 60pinky_ring + 60scissors_ortho + 60sfs + 20finger_0 + 20finger_9 + 18finger_1 + 18finger_8 + 15finger_2 + 15finger_7 + 12finger_3 + 12finger_6	en
greedyhill_221	greedyhill	221	41.64311623573303	29.416870418681842	30.101066941407087	0.17250989162553584	ortho	100sfb + 6effort + 60pinky_ring + 60scissors_ortho + 60sfs + 20finger_0 + 20finger_9 + 18finger_1 + 18finger_8 + 15finger_2 + 15finger_7 + 12finger_3 + 12finger_6	en
steepesthill_500	steepesthill	500	41.638004302978516	29.40679496442451	30.382721540989948	0.23637151095898248	ortho	100sfb + 6effort + 60pinky_ring + 60scissors_ortho + 60sfs + 20finger_0 + 20finger_9 + 18finger_1 + 18finger_8 + 15finger_2 + 15finger_7 + 12finger_3 + 12finger_6	en
annealing_260	annealing	260	42.77843737602234	29.463690648918437	30.01092826111404	0.19609754614508362	ortho	100sfb + 6effort + 60pinky_ring + 60scissors_ortho + 60sfs + 20finger_0 + 20finger_9 + 18finger_1 + 18finger_8 + 15finger_2 + 15finger_7 + 12finger_3 + 12finger_6	en
