{
  "e": 0.11707821652172898,
  "t": 0.08888792959899501,
  "a": 0.07929438045138723,
  "o": 0.07596537505907726,
  "i": 0.07098030860832981,
  "n": 0.06768574213023455,
  "s": 0.06397138907561334,
  "r": 0.06023489903749124,
  "h": 0.04555943529556679,
  "l": 0.04124707068969231,
  "d": 0.03618575359866657,
  "c": 0.03085011689998923,
  "u": 0.02875582100594362,
  "m": 0.0242018623393504,
  "f": 0.021257346766463594,
  "p": 0.02091644000274315,
  "g": 0.0203929680429806,
  "y": 0.019177490454869127,
  "w": 0.017938616940856168,
  "b": 0.01490147056551746,
  ".": 0.010965279340040414,
  "v": 0.010666114747554772,
  ",": 0.010024088900660451,
  "k": 0.00799473866872489,
  "'": 0.004488938812665826,
  "-": 0.0026129755261064067,
  "x": 0.0021478762971358263,
  "j": 0.0017396497331502332,
  "q": 0.0010212248623429371,
  ";": 0.0009741756576735388,
  "z": 0.0009636427381045703,
  "/": 0.0008122821567397153,
  "=": 0.0001063794736040016
}