{
    "e": 0.11467944652784741,
    "t": 0.08437327143152575,
    "a": 0.07572433078503231,
    "o": 0.0740689390331294,
    "i": 0.06632227594177831,
    "n": 0.06589335273956837,
    "s": 0.06052283199623067,
    "r": 0.05845542124424307,
    "h": 0.04377291654877471,
    "l": 0.03972139141237407,
    "d": 0.034517057483173914,
    "c": 0.0283008931924925,
    "u": 0.027856581685268226,
    "m": 0.022219680438110317,
    "f": 0.019907636916497863,
    "g": 0.019251487388039903,
    "p": 0.01921044120575282,
    "y": 0.018440234753065006,
    "w": 0.01628532852970536,
    "b": 0.013218721421053781,
    ".": 0.01080276900050035,
    "v": 0.010124807524353683,
    ",": 0.00990555284463769,
    "k": 0.007466192312417909,
    "I": 0.0038879091553362818,
    "T": 0.0035502402071985965,
    "S": 0.0027544790774951945,
    "A": 0.002709719979288855,
    "-": 0.0025846045741679323,
    "'": 0.0025720645962516407,
    "C": 0.0022145055185477523,
    "x": 0.0020306095402789744,
    "\"": 0.0018676058807405216,
    "0": 0.0018283943696921026,
    "M": 0.0017195960719000778,
    "1": 0.0016001406275504438,
    "B": 0.001521070883841976,
    "P": 0.0014790592058155408,
    "W": 0.0014586576616415594,
    "H": 0.0012922071135134602,
    "D": 0.0012760872333427188,
    "2": 0.0011821841726696249,
    "j": 0.001141174683807312,
    "E": 0.0011284925188700236,
    "R": 0.0011259400325092277,
    "F": 0.0011190714820594667,
    "L": 0.0010781560200981354,
    "O": 0.001072225445319143,
    "N": 0.0010580113298975674,
    "G": 0.0009202206398565011,
    ")": 0.0009202068798222112,
    "q": 0.0009148450531272057,
    "(": 0.0009074765547649078,
    "z": 0.0008752459677796184,
    ":": 0.0007202277148074653,
    "5": 0.000655413366623443,
    "3": 0.0006148487855365069,
    "U": 0.0005872438634117076,
    "J": 0.0005796001643636096,
    "9": 0.0005362789897405758,
    "Y": 0.0005291833987250296,
    "?": 0.0005248352278893879,
    "4": 0.0005183565450778436,
    "!": 0.0004437679858698208,
    "K": 0.0004418048876444467,
    "6": 0.00043040928591327383,
    "V": 0.00042558180721653024,
    "8": 0.0004004032378048686,
    "7": 0.00038266884694409994,
    "/": 0.000278631521016417,
    ";": 0.00024337831316542308,
    "$": 0.00013542855082128197,
    "%": 9.730637582082188e-05,
    "Q": 9.529970415352941e-05,
    "X": 9.396268748835056e-05,
    "&": 9.253393726123832e-05,
    "Z": 7.794142089668754e-05,
    "+": 7.015782816664113e-05,
    "*": 5.483602998472006e-05,
    ">": 4.353904183262558e-05,
    "=": 3.506744738807889e-05,
    "#": 2.6857293595042304e-05,
    "@": 2.213301515547377e-05,
    "<": 9.776504363048873e-06,
    "\u2019": 2.8208070294511174e-07,
    "\u201c": 1.3530700385172026e-07,
    "\u201d": 1.3530700385172026e-07,
    "\u2014": 2.7520068580010902e-08,
    "\u00fc": 2.2933390483342417e-08,
    "\u2013": 2.0640051435008177e-08,
    "\u2022": 1.8346712386673935e-08,
    "\u00a2": 1.6053373338339692e-08,
    "\u00b4": 1.1466695241671208e-08,
    "\u02bc": 9.173356193336967e-09,
    "\u00e9": 9.173356193336967e-09,
    "\u00a4": 6.8800171450027255e-09,
    "\u2010": 6.8800171450027255e-09,
    "\u00ae": 6.8800171450027255e-09,
    "\u00a7": 6.8800171450027255e-09,
    "\u00e4": 4.586678096668484e-09,
    "\u2153": 4.586678096668484e-09,
    "\u00ac": 2.293339048334242e-09,
    "\u2192": 2.293339048334242e-09,
    "\u203a": 2.293339048334242e-09,
    "\u00b7": 2.293339048334242e-09,
    "\u0418": 2.293339048334242e-09,
    "\u2032": 2.293339048334242e-09,
    "\u00ad": 2.293339048334242e-09,
    "\u00e2": 2.293339048334242e-09,
    "\u00f6": 2.293339048334242e-09,
    "\u00b0": 2.293339048334242e-09,
    "\u0107": 2.293339048334242e-09,
    "\u263a": 2.293339048334242e-09,
    "\u00f7": 2.293339048334242e-09,
    "\u215b": 2.293339048334242e-09,
    "\u215c": 2.293339048334242e-09,
    "\u2154": 2.293339048334242e-09
}
