name	optimizer_name	iterations	time_taken	best_score	mean_score	stdev_score	hardware_name	objective_name	corpus_name
annealing_375_shai	annealing	375	29.138627290725708	27.759950320272754	28.73590973389722	0.3397793506228096	ortho	100sfb + 6effort + 60pinky_ring + 60scissors_ortho + 60sfs + 20finger_0 + 20finger_9 + 18finger_1 + 18finger_8 + 15finger_2 + 15finger_7 + 12finger_3 + 12finger_6	shai
greedyhill_253_en	greedyhill	253	30.691802501678467	29.399930196239502	29.846585597443728	0.13943649698963373	ortho	100sfb + 6effort + 60pinky_ring + 60scissors_ortho + 60sfs + 20finger_0 + 20finger_9 + 18finger_1 + 18finger_8 + 15finger_2 + 15finger_7 + 12finger_3 + 12finger_6	en
annealing_375_en	annealing	375	27.79364776611328	29.283891088223033	30.29678426719195	0.35150676649419665	ortho	100sfb + 6effort + 60pinky_ring + 60scissors_ortho + 60sfs + 20finger_0 + 20finger_9 + 18finger_1 + 18finger_8 + 15finger_2 + 15finger_7 + 12finger_3 + 12finger_6	en
greedyhill_253_shai	greedyhill	253	32.131943225860596	27.775703793644055	28.267203971910376	0.12322543826314751	ortho	100sfb + 6effort + 60pinky_ring + 60scissors_ortho + 60sfs + 20finger_0 + 20finger_9 + 18finger_1 + 18finger_8 + 15finger_2 + 15finger_7 + 12finger_3 + 12finger_6	shai
steepesthill_465_en	steepesthill	465	30.87885880470276	29.33602453686867	30.06298271876474	0.24120851409566568	ortho	100sfb + 6effort + 60pinky_ring + 60scissors_ortho + 60sfs + 20finger_0 + 20finger_9 + 18finger_1 + 18finger_8 + 15finger_2 + 15finger_7 + 12finger_3 + 12finger_6	en
steepesthill_465_shai	steepesthill	465	32.62925934791565	27.83009719289468	28.453581273912018	0.17803947836464787	ortho	100sfb + 6effort + 60pinky_ring + 60scissors_ortho + 60sfs + 20finger_0 + 20finger_9 + 18finger_1 + 18finger_8 + 15finger_2 + 15finger_7 + 12finger_3 + 12finger_6	shai
genetic_132_shai	genetic	132	31.901373624801636	27.759950320272754	28.307789987698058	0.15802018987533717	ortho	100sfb + 6effort + 60pinky_ring + 60scissors_ortho + 60sfs + 20finger_0 + 20finger_9 + 18finger_1 + 18finger_8 + 15finger_2 + 15finger_7 + 12finger_3 + 12finger_6	shai
genetic_132_en	genetic	132	31.494738340377808	29.282439111946747	29.812301125881806	0.16329441365496186	ortho	100sfb + 6effort + 60pinky_ring + 60scissors_ortho + 60sfs + 20finger_0 + 20finger_9 + 18finger_1 + 18finger_8 + 15finger_2 + 15finger_7 + 12finger_3 + 12finger_6	en
