name	optimizer_name	iterations	time_taken	best_score	mean_score	stdev_score	hardware_name	objective_name	corpus_name
steepesthill_1	steepesthill	1	2.168058156967163	-0.6139637216399288	-0.5357134519649323	0.11052479338805869	ortho	1sfb - 1home	en
steepesthill_1	steepesthill	1	2.2138941287994385	-0.6130122951501938	-0.5413575235486322	0.1014046959347846	ortho	1sfb - 1home	en
